{"people": [
		{
			"name": "张三",
			"age": 77,
			"sex": "男",
			"phone": "15823456754",
			"address": "北京山海淀区",
			"qq": "123456"
		},
		{
			"name": "老王",
			"age": 21,
			"sex": "男",
			"phone": "13823456754",
			"address": "上海市吴淞区",
			"qq": "12345678"
		},
		{
			"name": "王五",
			"age": 28,
			"sex": "男",
			"phone": "15023456754",
			"address": "深圳市",
			"qq": "10000"
		},
		{
			"name": "赵六",
			"age": 60,
			"sex": "男",
			"phone": "18723456754",
			"address": "陕西省延安市",
			"qq": "12345678"
		}
	]
}